tweet_id,dog_breed,img_num
666020888022790149,Welsh Springer Spaniel,1
666029285002620928,Redbone,1
666033412701032449,German Shepherd,1
666044226329800704,Rhodesian Ridgeback,1
666049248165822465,Miniature Pinscher,1
666050758794694657,Bernese Mountain Dog,1
666055525042405380,Chow,1
666057090499244032,Golden Retriever,1
666058600524156928,Miniature Poodle,1
666063827256086533,Golden Retriever,1
666071193221509120,Gordon Setter,1
666073100786774016,Walker Hound,1
666082916733198337,Pug,1
666094000022159362,Bloodhound,1
666099513787052032,Lhasa,1
666102155909144576,English Setter,1
666273097616637952,Italian Greyhound,1
666287406224695296,Maltese Dog,1
666337882303524864,Newfoundland,1
666345417576210432,Golden Retriever,1
666353288456101888,Malamute,1
666373753744588802,Soft-Coated Wheaten Terrier,1
666396247373291520,Chihuahua,1
666407126856765440,Black-And-Tan Coonhound,1
666418789513326592,Toy Terrier,1
666421158376562688,Blenheim Spaniel,1
666428276349472768,Pembroke,1
666430724426358785,Irish Terrier,1
666435652385423360,Chesapeake Bay Retriever,1
666437273139982337,Chihuahua,1
666447344410484738,Curly-Coated Retriever,1
666454714377183233,Dalmatian,1
666644823164719104,Ibizan Hound,1
666649482315059201,Border Collie,1
666691418707132416,German Shepherd,1
666701168228331520,Labrador Retriever,1
666739327293083650,Miniature Poodle,1
666776908487630848,Miniature Pinscher,1
666781792255496192,Italian Greyhound,1
666804364988780544,English Setter,1
666817836334096384,Miniature Schnauzer,1
666826780179869698,Maltese Dog,1
666835007768551424,Airedale,1
666996132027977728,Rottweiler,1
667044094246576128,Golden Retriever,1
667062181243039745,Chesapeake Bay Retriever,1
667073648344346624,Chihuahua,1
667090893657276420,Chihuahua,1
667119796878725120,Pembroke,1
667138269671505920,West Highland White Terrier,1
667152164079423490,Toy Poodle,1
667160273090932737,Golden Retriever,1
667165590075940865,Miniature Pinscher,1
667171260800061440,Giant Schnauzer,1
667174963120574464,Toy Poodle,1
667176164155375616,Soft-Coated Wheaten Terrier,1
667177989038297088,Vizsla,1
667182792070062081,Golden Retriever,1
667192066997374976,Rottweiler,1
667200525029539841,Siberian Husky,1
667211855547486208,Golden Retriever,1
667393430834667520,Papillon,1
667405339315146752,Saint Bernard,1
667435689202614272,Rottweiler,1
667453023279554560,Labrador Retriever,1
667455448082227200,Tibetan Terrier,1
667470559035432960,Toy Poodle,1
667491009379606528,Borzoi,1
667495797102141441,Chihuahua,1
667502640335572993,Labrador Retriever,1
667509364010450944,Beagle,1
667517642048163840,Italian Greyhound,1
667524857454854144,Chesapeake Bay Retriever,1
667530908589760512,Golden Retriever,1
667534815156183040,Pembroke,1
667538891197542400,Yorkshire Terrier,1
667544320556335104,Pomeranian,1
667546741521195010,Toy Poodle,1
667550904950915073,Vizsla,1
667728196545200128,Kuvasz,1
667773195014021121,West Highland White Terrier,1
667793409583771648,Dalmatian,1
667801013445750784,Flat-Coated Retriever,1
667806454573760512,Chihuahua,1
667832474953625600,Miniature Pinscher,1
667861340749471744,Malamute,1
667878741721415682,Miniature Pinscher,1
667885044254572545,Malamute,1
667886921285246976,Pomeranian,1
667902449697558528,Norwegian Elkhound,1
667915453470232577,Boxer,1
667924896115245057,Labrador Retriever,1
668113020489474048,Pembroke,1
668171859951755264,Chihuahua,1
668190681446379520,Blenheim Spaniel,1
668204964695683073,Labrador Retriever,1
668221241640230912,Chow,1
668237644992782336,Chow,1
668248472370458624,Chihuahua,1
668256321989451776,Pembroke,1
668268907921326080,Pembroke,1
668274247790391296,Soft-Coated Wheaten Terrier,1
668286279830867968,Golden Retriever,1
668297328638447616,Eskimo Dog,1
668480044826800133,Labrador Retriever,1
668484198282485761,Standard Poodle,1
668496999348633600,Staffordshire Bullterrier,1
668507509523615744,Basenji,1
668528771708952576,Labrador Retriever,1
668537837512433665,Lakeland Terrier,1
668542336805281792,American Staffordshire Terrier,1
668567822092664832,Shih-Tzu,1
668623201287675904,Chihuahua,4
668625577880875008,Groenendael,1
668627278264475648,French Bulldog,1
668631377374486528,Miniature Schnauzer,1
668633411083464705,Pekinese,1
668636665813057536,Komondor,1
668641109086707712,Pug,1
668655139528511488,Beagle,1
668779399630725120,Chesapeake Bay Retriever,1
668815180734689280,Redbone,1
668826086256599040,Malinois,1
668852170888998912,Golden Retriever,1
668872652652679168,Miniature Schnauzer,1
668892474547511297,Kelpie,1
668902994700836864,Brittany Spaniel,1
668932921458302977,Standard Poodle,1
668955713004314625,Cocker Spaniel,1
668960084974809088,Chesapeake Bay Retriever,1
668975677807423489,Basset,1
668979806671884288,Golden Retriever,1
668986018524233728,Chihuahua,1
668989615043424256,Pug,1
668994913074286592,English Springer,1
669000397445533696,Pembroke,1
669006782128353280,Chihuahua,1
669037058363662336,Chihuahua,1
669203728096960512,Pug,1
669216679721873412,Golden Retriever,1
669324657376567296,Cardigan,1
669327207240699904,Golden Retriever,1
669328503091937280,Siberian Husky,1
669353438988365824,Pembroke,1
669354382627049472,Chihuahua,1
669359674819481600,Labrador Retriever,1
669363888236994561,Golden Retriever,1
669367896104181761,Basset,1
669371483794317312,Brabancon Griffon,1
669375718304980992,Airedale,1
669393256313184256,Cocker Spaniel,1
669564461267722241,Toy Poodle,1
669567591774625800,Chihuahua,1
669573570759163904,West Highland White Terrier,1
669597912108789760,Eskimo Dog,1
669603084620980224,Maltese Dog,1
669625907762618368,Golden Retriever,1
669680153564442624,Dalmatian,1
669683899023405056,Pomeranian,1
669753178989142016,Pembroke,1
669926384437997569,Pomeranian,1
669942763794931712,Vizsla,1
669970042633789440,Miniature Pinscher,1
669993076832759809,Toy Poodle,1
670003130994700288,Beagle,1
670040295598354432,Borzoi,1
670046952931721218,Blenheim Spaniel,1
670061506722140161,Italian Greyhound,1
670073503555706880,Malamute,1
670086499208155136,German Short-Haired Pointer,1
670093938074779648,Toy Poodle,1
670290420111441920,Chihuahua,1
670303360680108032,Shetland Sheepdog,1
670319130621435904,Irish Terrier,1
670338931251150849,Cairn,1
670374371102445568,English Springer,1
670385711116361728,Whippet,1
670403879788544000,Pug,1
670411370698022913,Maltese Dog,1
670421925039075328,Chihuahua,1
670427002554466305,Toy Terrier,1
670428280563085312,Chow,1
670433248821026816,Giant Schnauzer,1
670434127938719744,Chesapeake Bay Retriever,1
670435821946826752,Basenji,1
670442337873600512,Sussex Spaniel,1
670444955656130560,English Springer,1
670452855871037440,Malamute,1
670676092097810432,Dandie Dinmont,1
670679630144274432,Ibizan Hound,1
670691627984359425,Shetland Sheepdog,1
670704688707301377,Norwich Terrier,1
670717338665226240,Pomeranian,1
670755717859713024,Keeshond,1
670764103623966721,Norfolk Terrier,1
670778058496974848,Pug,1
670780561024270336,Labrador Retriever,1
670782429121134593,Chihuahua,1
670786190031921152,Pembroke,1
670789397210615808,Beagle,1
670792680469889025,Toy Poodle,1
670797304698376195,Pembroke,1
670803562457407488,Basenji,1
670804601705242624,Pomeranian,1
670807719151067136,Old English Sheepdog,1
670811965569282048,Basset,1
670815497391357952,American Staffordshire Terrier,1
670822709593571328,Chihuahua,1
670823764196741120,Labrador Retriever,1
670832455012716544,Malinois,1
670833812859932673,Pekinese,1
670840546554966016,Shih-Tzu,1
670995969505435648,Redbone,1
671109016219725825,Basenji,1
671115716440031232,Malinois,1
671122204919246848,Chihuahua,1
671134062904504320,Shih-Tzu,1
671138694582165504,Samoyed,1
671141549288370177,Borzoi,1
671147085991960577,Yorkshire Terrier,1
671151324042559489,Rottweiler,1
671154572044468225,Labrador Retriever,1
671163268581498880,Scottish Deerhound,1
671182547775299584,Rottweiler,1
671186162933985280,Chihuahua,1
671355857343524864,Miniature Poodle,1
671357843010908160,Italian Greyhound,1
671485057807351808,Samoyed,1
671486386088865792,German Shepherd,1
671504605491109889,Toy Poodle,1
671518598289059840,Lakeland Terrier,1
671520732782923777,Pomeranian,1
671528761649688577,Doberman,1
671536543010570240,Pug,1
671542985629241344,Shetland Sheepdog,1
671561002136281088,Gordon Setter,1
671729906628341761,Kuvasz,1
671735591348891648,Irish Wolfhound,2
671743150407421952,Toy Poodle,1
671768281401958400,Chihuahua,2
671789708968640512,Dalmatian,1
671866342182637568,Labrador Retriever,1
671891728106971137,Labrador Retriever,1
671896809300709376,Chow,1
672068090318987265,Pug,1
672082170312290304,Toy Poodle,1
672095186491711488,Pug,1
672125275208069120,Golden Retriever,1
672139350159835138,Rottweiler,1
672160042234327040,Pug,1
672169685991993344,Cocker Spaniel,1
672205392827572224,Pug,1
672222792075620352,Beagle,1
672239279297454080,Pug,1
672245253877968896,Chihuahua,1
672248013293752320,Irish Terrier,1
672254177670729728,Pug,1
672264251789176834,Chihuahua,1
672267570918129665,Irish Terrier,1
672272411274932228,Pug,2
672466075045466113,Cocker Spaniel,1
672481316919734272,Border Collie,1
672482722825261057,West Highland White Terrier,1
672488522314567680,Doberman,1
672523490734551040,Golden Retriever,1
672538107540070400,Chihuahua,1
672591762242805761,Kuvasz,1
672594978741354496,Great Pyrenees,1
672604026190569472,Toy Poodle,1
672622327801233409,Golden Retriever,1
672640509974827008,Chesapeake Bay Retriever,1
672834301050937345,Pembroke,1
672877615439593473,Chihuahua,1
672964561327235073,Chihuahua,1
672968025906282496,Toy Poodle,1
672975131468300288,Pug,1
672980819271634944,Basset,1
672988786805112832,Lakeland Terrier,1
672995267319328768,French Bulldog,1
672997845381865473,Chow,1
673213039743795200,Schipperke,1
673240798075449344,Airedale,1
673270968295534593,Shih-Tzu,1
673295268553605120,Golden Retriever,1
673317986296586240,Miniature Pinscher,2
673320132811366400,Samoyed,3
673342308415348736,Chihuahua,1
673343217010679808,Chihuahua,1
673345638550134785,Pomeranian,1
673350198937153538,West Highland White Terrier,1
673352124999274496,Golden Retriever,1
673355879178194945,Rottweiler,1
673359818736984064,English Setter,1
673580926094458881,Beagle,1
673583129559498752,Golden Retriever,1
673612854080196609,Newfoundland,1
673636718965334016,Pug,1
673656262056419329,Bull Mastiff,1
673662677122719744,Labrador Retriever,1
673680198160809984,Samoyed,1
673686845050527744,Pekinese,1
673688752737402881,Soft-Coated Wheaten Terrier,1
673689733134946305,Chesapeake Bay Retriever,1
673705679337693185,Shih-Tzu,1
673707060090052608,German Short-Haired Pointer,1
673708611235921920,Golden Retriever,1
673709992831262724,Chihuahua,1
673711475735838725,Maltese Dog,1
673887867907739649,Brabancon Griffon,2
673906403526995968,Soft-Coated Wheaten Terrier,1
673919437611909120,Schipperke,1
673956914389192708,Pug,1
674014384960745472,Pembroke,1
674019345211760640,Collie,1
674024893172875264,Pomeranian,1
674036086168010753,Toy Poodle,1
674038233588723717,Eskimo Dog,1
674042553264685056,Toy Poodle,1
674051556661161984,Shih-Tzu,1
674053186244734976,Cardigan,1
674075285688614912,Airedale,1
674082852460433408,Pomeranian,1
674255168825880576,Eskimo Dog,1
674262580978937856,Greater Swiss Mountain Dog,1
674269164442398721,Pug,1
674271431610523648,German Shepherd,1
674291837063053312,Cardigan,1
674394782723014656,Lakeland Terrier,1
674410619106390016,Beagle,1
674416750885273600,Chihuahua,1
674422304705744896,Golden Retriever,1
674436901579923456,Shih-Tzu,1
674447403907457024,Brabancon Griffon,1
674468880899788800,Chow,2
674638615994089473,Pomeranian,1
674644256330530816,Basset,1
674646392044941312,Flat-Coated Retriever,1
674670581682434048,Malamute,1
674737130913071104,Pomeranian,1
674739953134403584,Dandie Dinmont,1
674743008475090944,Bernese Mountain Dog,1
674752233200820224,Vizsla,2
674764817387900928,Samoyed,2
674774481756377088,Chihuahua,1
674788554665512960,Miniature Poodle,1
674790488185167872,Labrador Retriever,1
674793399141146624,Giant Schnauzer,1
674800520222154752,Pembroke,1
674805413498527744,English Springer,1
674999807681908736,Rottweiler,1
675003128568291329,Pembroke,1
675006312288268288,Boxer,1
675015141583413248,Golden Retriever,1
675047298674663426,Samoyed,1
675109292475830276,Dalmatian,1
675111688094527488,Labrador Retriever,1
675145476954566656,Labrador Retriever,1
675146535592706048,Cardigan,1
675147105808306176,Golden Retriever,1
675149409102012420,Chow,1
675166823650848770,Standard Poodle,1
675334060156301312,Pembroke,2
675349384339542016,Borzoi,3
675354435921575936,Golden Retriever,1
675362609739206656,Labrador Retriever,1
675372240448454658,Chihuahua,1
675432746517426176,Labrador Retriever,1
675489971617296384,West Highland White Terrier,1
675497103322386432,Vizsla,1
675517828909424640,Scottish Deerhound,1
675522403582218240,Cocker Spaniel,1
675531475945709568,Pembroke,1
675534494439489536,Chow,1
675706639471788032,English Springer,1
675707330206547968,Staffordshire Bullterrier,1
675710890956750848,Standard Schnauzer,2
675740360753160193,Golden Retriever,1
675781562965868544,Maltese Dog,1
675798442703122432,Beagle,1
675820929667219457,Basset,1
675822767435051008,Pomeranian,1
675845657354215424,Pug,1
675853064436391936,Labrador Retriever,1
675870721063669760,Golden Retriever,1
675878199931371520,Cardigan,1
675888385639251968,West Highland White Terrier,1
675891555769696257,Italian Greyhound,1
675898130735476737,Labrador Retriever,1
676089483918516224,Bull Mastiff,1
676101918813499392,Shih-Tzu,1
676146341966438401,Irish Water Spaniel,1
676191832485810177,Chihuahua,2
676219687039057920,Whippet,1
676237365392908289,French Bulldog,1
676263575653122048,Toy Poodle,1
676430933382295552,Golden Retriever,1
676440007570247681,Maltese Dog,2
676470639084101634,Golden Retriever,1
676496375194980353,Pug,1
676533798876651520,Chow,1
676575501977128964,Yorkshire Terrier,1
676582956622721024,Boston Bull,1
676588346097852417,Boston Bull,1
676603393314578432,Whippet,1
676606785097199616,Malinois,1
676613908052996102,Doberman,1
676617503762681856,Chihuahua,1
676811746707918848,Chihuahua,1
676819651066732545,Labrador Retriever,2
676821958043033607,Great Pyrenees,2
676864501615042560,Chesapeake Bay Retriever,1
676936541936185344,Chesapeake Bay Retriever,1
676946864479084545,Pekinese,1
676949632774234114,Welsh Springer Spaniel,1
676957860086095872,Labrador Retriever,1
676975532580409345,Malamute,1
677187300187611136,English Setter,1
677269281705472000,Shetland Sheepdog,1
677301033169788928,Japanese Spaniel,1
677314812125323265,Blenheim Spaniel,2
677328882937298944,Kelpie,1
677331501395156992,Beagle,1
677334615166730240,Lakeland Terrier,2
677530072887205888,Staffordshire Bullterrier,1
677547928504967168,American Staffordshire Terrier,1
677557565589463040,Shih-Tzu,1
677565715327688705,Basset,1
677644091929329666,Chihuahua,1
677673981332312066,Maltese Dog,1
677687604918272002,Pembroke,1
677698403548192770,Shih-Tzu,1
677700003327029250,Siberian Husky,1
677716515794329600,Chow,1
677895101218201600,Dalmatian,1
677918531514703872,Eskimo Dog,1
678021115718029313,Miniature Pinscher,1
678255464182861824,Chihuahua,1
678278586130948096,Maltese Dog,1
678334497360859136,Norfolk Terrier,1
678341075375947776,Golden Retriever,1
678380236862578688,Samoyed,1
678389028614488064,Miniature Pinscher,1
678396796259975168,Pembroke,2
678399652199309312,Bedlington Terrier,1
678410210315247616,Schipperke,1
678424312106393600,Maltese Dog,1
678446151570427904,Staffordshire Bullterrier,1
678643457146150913,Labrador Retriever,1
678740035362037760,Beagle,1
678755239630127104,Malamute,1
678764513869611008,Irish Terrier,1
678774928607469569,Pembroke,1
678798276842360832,Airedale,1
678800283649069056,Labrador Retriever,1
678969228704284672,Labrador Retriever,1
678991772295516161,Eskimo Dog,1
679047485189439488,Golden Retriever,1
679062614270468097,Schipperke,2
679111216690831360,Kelpie,1
679132435750195208,Scottish Deerhound,1
679148763231985668,Italian Greyhound,1
679158373988876288,Pug,1
679462823135686656,Toy Poodle,1
679475951516934144,Maltese Dog,1
679511351870550016,Chihuahua,1
679530280114372609,Dalmatian,1
679722016581222400,Boxer,1
679729593985699840,West Highland White Terrier,1
679736210798047232,French Bulldog,1
679777920601223168,Bloodhound,1
679828447187857408,Chihuahua,3
679844490799091713,Airedale,1
679854723806179328,Chow,1
679862121895714818,Entlebucher,1
680055455951884288,Samoyed,1
680070545539371008,Shih-Tzu,1
680100725817409536,Golden Retriever,1
680115823365742593,Pug,1
680130881361686529,Maltese Dog,1
680145970311643136,Miniature Poodle,1
680161097740095489,Bluetick,1
680191257256136705,Brittany Spaniel,1
680473011644985345,Lakeland Terrier,1
680494726643068929,Kuvasz,1
680497766108381184,Chihuahua,1
680609293079592961,French Bulldog,1
680801747103793152,Pug,1
680836378243002368,Pembroke,3
680889648562991104,Shetland Sheepdog,1
680913438424612864,Pomeranian,1
680934982542561280,Labrador Retriever,1
680940246314430465,Soft-Coated Wheaten Terrier,1
680959110691590145,Pug,2
680970795137544192,Pug,1
681193455364796417,Pomeranian,1
681231109724700672,Irish Setter,1
681261549936340994,Tibetan Terrier,1
681281657291280384,Saint Bernard,1
681297372102656000,Lhasa,1
681320187870711809,Samoyed,1
681339448655802368,Labrador Retriever,1
681523177663676416,Norfolk Terrier,1
681579835668455424,Rottweiler,1
681610798867845120,Toy Poodle,1
681654059175129088,Pomeranian,1
681694085539872773,Toy Poodle,1
681891461017812993,Chihuahua,1
681981167097122816,Labrador Retriever,1
682032003584274432,Schipperke,1
682259524040966145,Siberian Husky,1
682303737705140231,Lakeland Terrier,1
682389078323662849,Curly-Coated Retriever,1
682393905736888321,Vizsla,1
682429480204398592,Whippet,1
682638830361513985,English Springer,1
682662431982772225,Beagle,1
682750546109968385,English Setter,1
682962037429899265,Chihuahua,1
683030066213818368,Boxer,1
683078886620553216,Eskimo Dog,1
683098815881154561,Golden Retriever,1
683111407806746624,Cocker Spaniel,1
683142553609318400,Leonberg,1
683357973142474752,Pembroke,1
683391852557561860,French Bulldog,1
683449695444799489,Lakeland Terrier,1
683462770029932544,Italian Greyhound,1
683481228088049664,Keeshond,1
683498322573824003,Airedale,1
683742671509258241,Pembroke,1
683773439333797890,Miniature Pinscher,1
683828599284170753,Malamute,1
683834909291606017,Maltese Dog,1
683849932751646720,Mexican Hairless,1
683852578183077888,Toy Poodle,1
683857920510050305,Bluetick,1
684097758874210310,Labrador Retriever,1
684177701129875456,Chow,1
684188786104872960,Kelpie,1
684195085588783105,Chihuahua,1
684222868335505415,Soft-Coated Wheaten Terrier,1
684225744407494656,Golden Retriever,2
684241637099323392,Pembroke,1
684460069371654144,Labrador Retriever,1
684481074559381504,Chihuahua,1
684538444857667585,Chihuahua,1
684594889858887680,Weimaraner,1
684800227459624960,Miniature Schnauzer,1
684902183876321280,Pembroke,1
684914660081053696,Chow,1
684926975086034944,Labrador Retriever,1
684940049151070208,Border Collie,2
685169283572338688,Bernese Mountain Dog,1
685198997565345792,Old English Sheepdog,1
685268753634967552,Pug,1
685307451701334016,Pomeranian,1
685315239903100929,Chow,2
685321586178670592,Boston Bull,1
685325112850124800,Golden Retriever,1
685532292383666176,Collie,1
685641971164143616,Lakeland Terrier,1
685663452032069632,Chesapeake Bay Retriever,1
685906723014619143,Yorkshire Terrier,1
685943807276412928,Papillon,1
685973236358713344,Siberian Husky,1
686007916130873345,Rhodesian Ridgeback,1
686034024800862208,Great Dane,1
686050296934563840,Pomeranian,1
686358356425093120,Pug,1
686377065986265092,German Shepherd,1
686386521809772549,Yorkshire Terrier,1
686606069955735556,Labrador Retriever,1
686618349602762752,Rottweiler,1
686683045143953408,Norwich Terrier,1
686730991906516992,Tibetan Mastiff,1
687096057537363968,Labrador Retriever,1
687109925361856513,Borzoi,2
687124485711986689,Beagle,1
687127927494963200,Pug,1
687312378585812992,Great Dane,1
687317306314240000,Shih-Tzu,1
687460506001633280,Boston Bull,1
687480748861947905,English Springer,1
687494652870668288,Rottweiler,1
687664829264453632,Pug,1
687704180304273409,Miniature Pinscher,1
687807801670897665,Staffordshire Bullterrier,1
687818504314159109,Lakeland Terrier,1
687826841265172480,Pomeranian,1
688064179421470721,Eskimo Dog,1
688116655151435777,Pug,1
688385280030670848,Golden Retriever,2
688519176466644993,Pembroke,1
688547210804498433,Papillon,1
688789766343622656,American Staffordshire Terrier,1
688804835492233216,Malinois,3
688828561667567616,Cardigan,1
688898160958271489,Ibizan Hound,1
688916208532455424,Pembroke,1
689143371370250240,English Springer,1
689154315265683456,Cocker Spaniel,1
689275259254616065,American Staffordshire Terrier,1
689280876073582592,Chihuahua,3
689283819090870273,Scotch Terrier,1
689517482558820352,Pembroke,1
689557536375177216,Eskimo Dog,1
689599056876867584,Cocker Spaniel,1
689623661272240129,Toy Poodle,1
689661964914655233,Italian Greyhound,1
689835978131935233,Collie,1
689877686181715968,Old English Sheepdog,1
689905486972461056,Pomeranian,4
689977555533848577,Labrador Retriever,1
689999384604450816,Standard Poodle,1
690005060500217858,Samoyed,1
690015576308211712,Malamute,2
690021994562220032,Malamute,1
690360449368465409,Pug,1
690374419777196032,Kuvasz,1
690400367696297985,Pembroke,1
690597161306841088,Lhasa,1
690649993829576704,Mexican Hairless,1
690690673629138944,Maltese Dog,1
690728923253055490,Kuvasz,1
690735892932222976,Golden Retriever,1
690959652130045952,Golden Retriever,2
691096613310316544,Borzoi,1
691321916024623104,Rottweiler,1
691416866452082688,Lakeland Terrier,1
691444869282295808,Bernese Mountain Dog,2
691459709405118465,Shetland Sheepdog,1
691483041324204033,Bloodhound,1
691675652215414786,Chihuahua,1
691756958957883396,Saint Bernard,1
692017291282812928,Tibetan Terrier,1
692142790915014657,Toy Poodle,3
692158366030913536,Pug,1
692187005137076224,Siberian Husky,2
692530551048294401,Siberian Husky,1
692535307825213440,Pug,1
692568918515392513,Golden Retriever,2
692752401762250755,Samoyed,1
692828166163931137,Samoyed,1
692894228850999298,German Short-Haired Pointer,1
692901601640583168,Soft-Coated Wheaten Terrier,1
692905862751522816,Mexican Hairless,1
692919143163629568,Saint Bernard,1
693095443459342336,Yorkshire Terrier,1
693109034023534592,Cocker Spaniel,1
693155686491000832,Shih-Tzu,3
693231807727280129,Vizsla,1
693262851218264065,Golden Retriever,1
693280720173801472,Labrador Retriever,1
693622659251335168,Malamute,1
693629975228977152,Pug,1
693642232151285760,Scottish Deerhound,1
693942351086120961,Groenendael,1
694001791655137281,Pembroke,1
694183373896572928,Pekinese,1
694206574471057408,Shih-Tzu,1
694329668942569472,Boxer,1
694352839993344000,Australian Terrier,2
694356675654983680,Pomeranian,1
695051054296211456,Boston Bull,1
695074328191332352,Shih-Tzu,1
695095422348574720,Papillon,1
695314793360662529,Maltese Dog,2
695409464418041856,Pug,1
695446424020918272,Basenji,1
695629776980148225,Old English Sheepdog,1
695767669421768709,Soft-Coated Wheaten Terrier,1
695794761660297217,Samoyed,1
695816827381944320,Pomeranian,1
696405997980676096,Borzoi,1
696488710901260288,Briard,1
696713835009417216,Chesapeake Bay Retriever,1
696754882863349760,Toy Poodle,1
696886256886657024,Kuvasz,1
696894894812565505,Appenzeller,1
696900204696625153,Chihuahua,1
697242256848379904,Eskimo Dog,1
697255105972801536,Great Dane,1
697259378236399616,Great Dane,1
697270446429966336,Toy Poodle,1
697463031882764288,Labrador Retriever,1
697575480820686848,Whippet,1
697596423848730625,Shetland Sheepdog,1
697616773278015490,Lhasa,1
697943111201378304,Great Dane,1
697990423684476929,Pembroke,2
697995514407682048,Staffordshire Bullterrier,1
698178924120031232,Chesapeake Bay Retriever,1
698195409219559425,Labrador Retriever,1
698262614669991936,Italian Greyhound,1
698342080612007937,Boxer,1
698355670425473025,Pug,1
698549713696649216,French Bulldog,1
698635131305795584,Samoyed,1
698703483621523456,Brittany Spaniel,1
698710712454139905,Samoyed,1
698907974262222848,German Short-Haired Pointer,3
698953797952008193,Italian Greyhound,1
698989035503689728,Norfolk Terrier,1
699036661657767936,Chihuahua,1
699072405256409088,Shih-Tzu,1
699079609774645248,Schipperke,3
699323444782047232,Labrador Retriever,1
699370870310113280,Cairn,1
699413908797464576,Samoyed,1
699423671849451520,Pug,1
699434518667751424,Golden Retriever,1
699446877801091073,Pembroke,3
699775878809702401,Dandie Dinmont,1
699779630832685056,Malinois,1
699788877217865730,Border Terrier,1
699801817392291840,Golden Retriever,2
700002074055016451,Chihuahua,1
700029284593901568,West Highland White Terrier,1
700143752053182464,Golden Retriever,1
700151421916807169,Italian Greyhound,1
700167517596164096,Beagle,1
700462010979500032,Pomeranian,1
700505138482569216,Norwegian Elkhound,1
700518061187723268,American Staffordshire Terrier,1
700747788515020802,Great Pyrenees,1
700847567345688576,Rhodesian Ridgeback,1
700864154249383937,Kuvasz,1
700890391244103680,Schipperke,1
701214700881756160,Chihuahua,1
701545186879471618,Border Collie,1
701570477911896070,Yorkshire Terrier,1
701601587219795968,Chihuahua,1
701889187134500865,French Bulldog,1
701952816642965504,Toy Poodle,1
701981390485725185,Pomeranian,1
702217446468493312,Golden Retriever,1
702276748847800320,Boston Bull,1
702321140488925184,West Highland White Terrier,3
702539513671897089,Pomeranian,3
702598099714314240,Kelpie,1
702671118226825216,Bloodhound,1
702684942141153280,Golden Retriever,1
703079050210877440,Pembroke,2
703268521220972544,Kuvasz,1
703356393781329922,Border Collie,1
703382836347330562,Golden Retriever,2
703425003149250560,Miniature Pinscher,1
703611486317502464,Pembroke,1
703769065844768768,Boxer,2
703774238772166656,Labrador Retriever,1
704054845121142784,Great Pyrenees,1
704347321748819968,Brittany Spaniel,1
704364645503647744,Pembroke,1
704480331685040129,Samoyed,1
704499785726889984,Chihuahua,1
704761120771465216,Chihuahua,1
704847917308362754,Golden Retriever,1
704859558691414016,Pug,1
704871453724954624,Norfolk Terrier,1
705066031337840642,Airedale,1
705102439679201280,Collie,1
705223444686888960,Chesapeake Bay Retriever,1
705239209544720384,Chihuahua,1
705428427625635840,Chihuahua,1
705442520700944385,Great Pyrenees,1
705475953783398401,Golden Retriever,1
705591895322394625,Basenji,1
705786532653883392,Labrador Retriever,1
705898680587526145,Collie,1
705970349788291072,Golden Retriever,1
705975130514706432,Staffordshire Bullterrier,1
706166467411222528,Samoyed,1
706265994973601792,Papillon,1
706291001778950144,Border Terrier,1
706310011488698368,Pembroke,1
706346369204748288,Tibetan Mastiff,1
706516534877929472,Golden Retriever,1
706538006853918722,Chow,1
706644897839910912,Chihuahua,1
706681918348251136,Toy Poodle,1
707014260413456384,Chihuahua,1
707021089608753152,Cocker Spaniel,2
707038192327901184,Pug,1
707059547140169728,Samoyed,1
707297311098011648,Blenheim Spaniel,1
707315916783140866,Bernese Mountain Dog,2
707377100785885184,Golden Retriever,1
707387676719185920,Chihuahua,1
707411934438625280,Lakeland Terrier,1
707420581654872064,Kuvasz,1
707610948723478529,Golden Retriever,1
707741517457260545,Whippet,1
707776935007539200,Miniature Pinscher,1
707969809498152960,Toy Poodle,1
708026248782585858,Malinois,1
708109389455101952,Staffordshire Bullterrier,1
708119489313951744,Norwich Terrier,1
708130923141795840,French Bulldog,1
708149363256774660,Cardigan,1
708349470027751425,Basenji,1
708356463048204288,Pug,2
708469915515297792,Chihuahua,1
708479650088034305,Shih-Tzu,1
708711088997666817,German Short-Haired Pointer,2
708738143638450176,Pomeranian,1
708810915978854401,Golden Retriever,2
708834316713893888,Eskimo Dog,1
708845821941387268,Schipperke,1
709042156699303936,Rottweiler,1
709158332880297985,Siberian Husky,1
709198395643068416,Borzoi,1
709207347839836162,Chihuahua,1
709225125749587968,Labrador Retriever,1
709409458133323776,Shetland Sheepdog,1
709449600415961088,Maltese Dog,2
709519240576036864,Cocker Spaniel,1
709556954897764353,Golden Retriever,2
709566166965075968,Chow,1
709852847387627521,Chihuahua,2
709918798883774466,Pembroke,2
710117014656950272,Toy Poodle,2
710140971284037632,Pekinese,1
710153181850935296,Cocker Spaniel,2
710269109699739648,Pug,1
710272297844797440,Old English Sheepdog,1
710283270106132480,Shih-Tzu,2
710588934686908417,Pembroke,4
710658690886586372,Soft-Coated Wheaten Terrier,1
710833117892898816,Pembroke,1
710844581445812225,Pembroke,1
710997087345876993,Malamute,1
711008018775851008,French Bulldog,1
711306686208872448,Dandie Dinmont,1
711363825979756544,Pembroke,1
711732680602345472,Ibizan Hound,3
711743778164514816,Lakeland Terrier,1
711998809858043904,Kuvasz,1
712085617388212225,Shih-Tzu,2
712097430750289920,Labrador Retriever,1
712438159032893441,Great Pyrenees,1
712668654853337088,Labrador Retriever,1
712717840512598017,Great Pyrenees,1
712809025985978368,Labrador Retriever,1
713175907180089344,Malamute,1
713177543487135744,Whippet,1
713411074226274305,Great Pyrenees,1
713761197720473600,Brittany Spaniel,1
713900603437621249,Golden Retriever,1
713919462244790272,Siberian Husky,1
714141408463036416,Labrador Retriever,1
714214115368108032,Pug,1
714251586676113411,Soft-Coated Wheaten Terrier,2
714258258790387713,Collie,1
714606013974974464,Norfolk Terrier,1
714957620017307648,Great Pyrenees,1
714982300363173890,Brittany Spaniel,1
715009755312439296,Chihuahua,1
715200624753819648,Chihuahua,1
715220193576927233,Chihuahua,1
715342466308784130,West Highland White Terrier,1
715680795826982913,Golden Retriever,1
715696743237730304,Staffordshire Bullterrier,1
715733265223708672,Dandie Dinmont,1
715928423106027520,Pug,1
716080869887381504,Golden Retriever,1
716285507865542656,Yorkshire Terrier,1
716439118184652801,Siberian Husky,1
716791146589110272,Pomeranian,1
716802964044845056,Malinois,2
717009362452090881,Siberian Husky,1
717047459982213120,Golden Retriever,1
717421804990701568,Miniature Pinscher,2
717537687239008257,Golden Retriever,1
717841801130979328,Brittany Spaniel,1
718234618122661888,Malamute,1
718246886998687744,Chihuahua,1
718460005985447936,Boston Bull,1
718540630683709445,Maltese Dog,2
718613305783398402,Labrador Retriever,1
718631497683582976,Pomeranian,1
718939241951195136,Pembroke,1
718971898235854848,Golden Retriever,1
719332531645071360,Dandie Dinmont,1
719339463458033665,Golden Retriever,1
719367763014393856,Soft-Coated Wheaten Terrier,1
719551379208073216,Malamute,1
719991154352222208,Golden Retriever,2
720043174954147842,Samoyed,1
720059472081784833,Mexican Hairless,1
720389942216527872,Pembroke,1
720415127506415616,Rottweiler,1
720775346191278080,Newfoundland,1
720785406564900865,Chihuahua,1
721001180231503872,Samoyed,1
721503162398597120,Pomeranian,3
722613351520608256,Labrador Retriever,1
722974582966214656,Great Dane,1
723179728551723008,Norwegian Elkhound,1
723673163800948736,Golden Retriever,1
723688335806480385,Chow,2
723912936180330496,Samoyed,1
724004602748780546,Pug,3
724046343203856385,Boxer,1
724049859469295616,Border Collie,1
724405726123311104,Golden Retriever,1
724771698126512129,German Short-Haired Pointer,2
724983749226668032,Golden Retriever,1
725729321944506368,Boxer,1
725786712245440512,Chow,1
725842289046749185,Toy Poodle,1
726224900189511680,Standard Poodle,1
726828223124897792,Miniature Pinscher,1
726887082820554753,Soft-Coated Wheaten Terrier,1
726935089318363137,Toy Poodle,2
727175381690781696,Flat-Coated Retriever,2
727286334147182592,Chihuahua,1
727314416056803329,Toy Poodle,2
727524757080539137,Pomeranian,2
727644517743104000,Great Pyrenees,2
727685679342333952,Border Collie,1
728015554473250816,Cocker Spaniel,1
728035342121635841,Pomeranian,1
728046963732717569,Newfoundland,1
728387165835677696,Collie,1
728409960103686147,Saint Bernard,1
728751179681943552,Saint Bernard,1
728760639972315136,Pembroke,1
728986383096946689,Maltese Dog,2
729463711119904772,German Shepherd,1
729823566028484608,Kelpie,1
730211855403241472,Pug,1
730427201120833536,Eskimo Dog,1
730573383004487680,American Staffordshire Terrier,2
730924654643314689,Newfoundland,1
731285275100512256,Pembroke,1
732005617171337216,English Setter,1
732375214819057664,Basset,1
732585889486888962,Staffordshire Bullterrier,2
732726085725589504,Pomeranian,1
732732193018155009,Staffordshire Bullterrier,1
733109485275860992,Golden Retriever,1
733460102733135873,Chow,1
733482008106668032,French Bulldog,1
733822306246479872,Lhasa,1
733828123016450049,Beagle,2
734776360183431168,Siberian Husky,1
734787690684657664,Golden Retriever,4
734912297295085568,Maltese Dog,1
735137028879360001,Walker Hound,1
735256018284875776,Staffordshire Bullterrier,1
735635087207878657,Pug,1
735648611367784448,Pembroke,1
735991953473572864,Cocker Spaniel,2
736010884653420544,Golden Retriever,2
736225175608430592,Labrador Retriever,1
736365877722001409,Toy Poodle,3
736736130620620800,Schipperke,1
737445876994609152,Samoyed,1
737678689543020544,Pembroke,1
737800304142471168,Malamute,1
737826014890496000,Vizsla,1
738156290900254721,Pug,1
738166403467907072,Keeshond,2
738184450748633089,Bedlington Terrier,1
738402415918125056,Cocker Spaniel,1
738537504001953792,Chow,1
738883359779196928,Labrador Retriever,2
738885046782832640,American Staffordshire Terrier,1
739238157791694849,Eskimo Dog,1
739485634323156992,Walker Hound,2
739544079319588864,Labrador Retriever,1
739606147276148736,Blenheim Spaniel,3
739844404073074688,Toy Poodle,1
739932936087216128,Redbone,1
739979191639244800,Irish Water Spaniel,1
740214038584557568,Chesapeake Bay Retriever,1
740359016048689152,Golden Retriever,1
740373189193256964,Golden Retriever,3
740676976021798912,Norwegian Elkhound,1
740711788199743490,Toy Poodle,1
740995100998766593,Malamute,1
741067306818797568,Golden Retriever,1
741303864243200000,Chihuahua,1
741438259667034112,Chesapeake Bay Retriever,1
741743634094141440,Labrador Retriever,1
741793263812808706,Kuvasz,1
742150209887731712,French Bulldog,1
742385895052087300,Cardigan,1
742423170473463808,Pug,1
743210557239623680,Golden Retriever,1
743222593470234624,Kuvasz,1
743253157753532416,Malamute,1
743545585370791937,Standard Poodle,2
743609206067040256,Weimaraner,3
743895849529389061,Dalmatian,1
743980027717509120,Bull Mastiff,1
744234799360020481,Labrador Retriever,1
744334592493166593,Samoyed,1
744709971296780288,Shetland Sheepdog,1
744971049620602880,Toy Poodle,1
744995568523612160,Old English Sheepdog,1
745057283344719872,Shetland Sheepdog,2
745422732645535745,Labrador Retriever,1
745433870967832576,Basset,1
745712589599014916,Chow,1
745789745784041472,Pekinese,1
746056683365994496,Shetland Sheepdog,1
746131877086527488,Chow,1
746369468511756288,German Shepherd,1
746507379341139972,Toy Poodle,1
746726898085036033,Golden Retriever,1
746790600704425984,Boston Bull,3
746818907684614144,Ibizan Hound,1
746872823977771008,Pembroke,1
747103485104099331,Labrador Retriever,1
747219827526344708,Shetland Sheepdog,2
747512671126323200,Cardigan,1
747594051852075008,Basenji,1
747600769478692864,Chesapeake Bay Retriever,1
747816857231626240,Pembroke,1
747844099428986880,Pembroke,1
747885874273214464,Kuvasz,1
747933425676525569,Samoyed,1
747963614829678593,Kelpie,1
748324050481647620,Shetland Sheepdog,1
748346686624440324,Borzoi,1
748568946752774144,Tibetan Terrier,1
748575535303884801,Soft-Coated Wheaten Terrier,1
748699167502000129,Pembroke,1
748932637671223296,Borzoi,1
748977405889503236,German Short-Haired Pointer,1
749036806121881602,West Highland White Terrier,1
749064354620928000,Pug,2
749317047558017024,Wire-Haired Fox Terrier,1
749395845976588288,Pomeranian,1
749403093750648834,Chesapeake Bay Retriever,1
749417653287129088,Papillon,2
749774190421639168,Pekinese,1
749996283729883136,Old English Sheepdog,1
750011400160841729,Boston Bull,1
750026558547456000,Standard Poodle,1
750041628174217216,Labrador Retriever,1
750056684286914561,Saluki,1
750071704093859840,Redbone,2
750086836815486976,Pug,1
750101899009982464,Golden Retriever,2
750117059602808832,Shih-Tzu,2
750132105863102464,Toy Poodle,1
750147208377409536,Pug,1
750383411068534784,Border Collie,1
750429297815552001,Golden Retriever,1
750719632563142656,Pembroke,1
750868782890057730,Toy Poodle,4
751132876104687617,Labrador Retriever,1
751205363882532864,Labrador Retriever,2
751251247299190784,Walker Hound,1
751456908746354688,Golden Retriever,1
751538714308972544,Labrador Retriever,2
751583847268179968,Dalmatian,1
751598357617971201,Toy Poodle,1
751830394383790080,Chow,1
751937170840121344,Lakeland Terrier,1
752173152931807232,Labrador Retriever,1
752309394570878976,Golden Retriever,1
752334515931054080,Bedlington Terrier,1
752519690950500352,Labrador Retriever,3
752660715232722944,English Setter,2
752682090207055872,German Shepherd,2
752917284578922496,German Shepherd,1
753026973505581056,Pembroke,3
753294487569522689,Chow,1
753375668877008896,Bluetick,1
753398408988139520,Whippet,1
753655901052166144,Miniature Pinscher,1
754011816964026368,French Bulldog,1
754120377874386944,Chow,1
754449512966619136,Beagle,1
754856583969079297,Golden Retriever,2
754874841593970688,Pug,1
755110668769038337,Labrador Retriever,1
755955933503782912,Pekinese,1
756275833623502848,Airedale,1
756288534030475264,French Bulldog,3
756303284449767430,Golden Retriever,1
756651752796094464,Pembroke,1
756939218950160384,Golden Retriever,1
756998049151549440,Golden Retriever,4
757354760399941633,Italian Greyhound,1
757393109802180609,Labrador Retriever,2
757400162377592832,Golden Retriever,1
757611664640446465,Bluetick,1
757725642876129280,Labrador Retriever,2
757729163776290825,Schipperke,2
757741869644341248,Old English Sheepdog,1
758041019896193024,Cardigan,1
758355060040593408,Pembroke,1
758405701903519748,Chesapeake Bay Retriever,4
758467244762497024,Labrador Retriever,1
758474966123810816,Pembroke,1
758740312047005698,Chesapeake Bay Retriever,1
758828659922702336,Chesapeake Bay Retriever,1
758854675097526272,Old English Sheepdog,4
759047813560868866,Labrador Retriever,1
759099523532779520,Shetland Sheepdog,1
759159934323924993,Irish Terrier,1
759197388317847553,Kuvasz,1
759447681597108224,Kuvasz,1
759557299618865152,Golden Retriever,2
759566828574212096,Labrador Retriever,1
759793422261743616,Golden Retriever,2
759846353224826880,Sussex Spaniel,1
759923798737051648,Labrador Retriever,1
760290219849637889,Old English Sheepdog,1
760539183865880579,Samoyed,1
760656994973933572,Golden Retriever,1
760893934457552897,Blenheim Spaniel,1
761004547850530816,Golden Retriever,1
761227390836215808,French Bulldog,1
761292947749015552,Standard Poodle,1
761334018830917632,Norwegian Elkhound,1
761599872357261312,Gordon Setter,1
761750502866649088,Golden Retriever,1
761976711479193600,Labrador Retriever,3
762464539388485633,Chow,4
762471784394268675,Samoyed,1
762699858130116608,Kelpie,1
763103485927849985,Chow,2
763183847194451968,Miniature Poodle,1
763837565564780549,Malamute,1
764259802650378240,German Shepherd,1
764857477905154048,Bernese Mountain Dog,1
765222098633691136,Dalmatian,1
765371061932261376,Golden Retriever,2
765395769549590528,Pembroke,1
765669560888528897,Beagle,1
765719909049503744,Golden Retriever,1
766008592277377025,Welsh Springer Spaniel,1
766069199026450432,Redbone,1
766078092750233600,Toy Poodle,1
766313316352462849,Toy Poodle,1
766423258543644672,Keeshond,2
766693177336135680,Doberman,1
766793450729734144,Beagle,1
767122157629476866,Toy Poodle,2
767500508068192258,Chow,1
767754930266464257,Vizsla,1
768473857036525572,Labrador Retriever,1
768596291618299904,Great Pyrenees,1
768609597686943744,Basenji,1
768855141948723200,Chow,1
768970937022709760,Pomeranian,1
769212283578875904,Golden Retriever,1
769695466921623552,Pug,1
769940425801170949,Miniature Pinscher,1
770069151037685760,Boston Bull,1
770093767776997377,Golden Retriever,1
770293558247038976,Italian Greyhound,1
770414278348247044,Golden Retriever,1
770772759874076672,Chow,1
770787852854652928,Bernese Mountain Dog,1
771102124360998913,Labrador Retriever,1
771136648247640064,Golden Retriever,1
771171053431250945,Samoyed,3
771380798096281600,Collie,1
771500966810099713,Labrador Retriever,1
771770456517009408,Papillon,1
772102971039580160,Pembroke,1
772114945936949249,Chihuahua,1
772117678702071809,Labrador Retriever,1
772152991789019136,Golden Retriever,2
772193107915964416,Pembroke,1
772581559778025472,Newfoundland,3
772615324260794368,Dalmatian,1
772826264096874500,Basset,1
772877495989305348,Norwegian Elkhound,1
773191612633579521,Blenheim Spaniel,1
773247561583001600,Miniature Pinscher,1
773308824254029826,Labrador Retriever,1
773547596996571136,Norwegian Elkhound,1
773670353721753600,Old English Sheepdog,1
773704687002451968,Silky Terrier,2
773922284943896577,Pomeranian,1
773985732834758656,Pug,4
774314403806253056,Eskimo Dog,3
774639387460112384,Walker Hound,1
774757898236878852,Toy Poodle,1
775085132600442880,Chow,1
775364825476165632,Beagle,3
775842724423557120,Chow,2
775898661951791106,Golden Retriever,1
776088319444877312,Pug,3
776201521193218049,Rottweiler,1
776218204058357768,Samoyed,1
776477788987613185,Labrador Retriever,1
776813020089548800,Toy Poodle,1
776819012571455488,Chihuahua,3
777189768882946048,Chihuahua,2
777621514455814149,Chow,1
777641927919427584,Golden Retriever,1
777684233540206592,Cocker Spaniel,1
777885040357281792,Afghan Hound,1
778027034220126208,Clumber,1
778039087836069888,German Shepherd,2
778286810187399168,Boston Bull,1
778383385161035776,Collie,1
778408200802557953,Pembroke,3
778624900596654080,Airedale,2
778650543019483137,German Shepherd,1
778748913645780993,Staffordshire Bullterrier,1
778990705243029504,Cocker Spaniel,2
779056095788752897,Chihuahua,1
779123168116150273,Toy Poodle,1
779834332596887552,Golden Retriever,1
780192070812196864,Vizsla,1
780459368902959104,Great Dane,1
780476555013349377,Pug,1
780496263422808064,Pug,1
780543529827336192,Golden Retriever,1
780601303617732608,Saint Bernard,1
780800785462489090,Siberian Husky,2
780858289093574656,Chesapeake Bay Retriever,1
781163403222056960,Shetland Sheepdog,1
781251288990355457,Mexican Hairless,2
781524693396357120,Chesapeake Bay Retriever,1
781661882474196992,Pembroke,1
782021823840026624,Golden Retriever,1
782305867769217024,Briard,1
782598640137187329,Malamute,1
782722598790725632,Irish Setter,1
782747134529531904,Golden Retriever,1
782969140009107456,Golden Retriever,1
783085703974514689,Chesapeake Bay Retriever,1
783334639985389568,Cardigan,2
783347506784731136,Cardigan,1
783391753726550016,Norwegian Elkhound,4
783466772167098368,Chihuahua,1
783695101801398276,Chow,3
783821107061198850,Lakeland Terrier,1
784431430411685888,Miniature Poodle,1
784517518371221505,Malamute,2
784826020293709826,Chow,1
785170936622350336,Eskimo Dog,2
785264754247995392,Chow,1
785533386513321988,Miniature Pinscher,2
785872687017132033,Great Pyrenees,1
785927819176054784,Toy Poodle,1
786036967502913536,Golden Retriever,1
786233965241827333,Labrador Retriever,1
786363235746385920,Golden Retriever,1
786595970293370880,Pembroke,1
786664955043049472,Leonberg,1
786709082849828864,Pomeranian,1
786963064373534720,Golden Retriever,1
787322443945877504,Golden Retriever,1
787397959788929025,Chihuahua,1
787717603741622272,German Shepherd,3
787810552592695296,Pug,2
788070120937619456,Golden Retriever,1
788150585577050112,Chow,3
788178268662984705,Samoyed,2
788412144018661376,Golden Retriever,1
788765914992902144,Cocker Spaniel,1
788908386943430656,Golden Retriever,1
789137962068021249,Chihuahua,2
789268448748703744,Malamute,1
789530877013393408,Schipperke,3
789599242079838210,Chesapeake Bay Retriever,2
789628658055020548,Chow,1
789986466051088384,Golden Retriever,1
790277117346975746,Labrador Retriever,1
790337589677002753,Pembroke,1
790581949425475584,Malinois,2
790698755171364864,Bernese Mountain Dog,1
790723298204217344,Golden Retriever,1
790946055508652032,Golden Retriever,1
790987426131050500,Cocker Spaniel,1
791026214425268224,Malamute,1
791312159183634433,Miniature Pinscher,4
791406955684368384,Pembroke,4
791672322847637504,Golden Retriever,1
792050063153438720,Komondor,2
792394556390137856,Cocker Spaniel,2
792773781206999040,Yorkshire Terrier,1
792883833364439040,Standard Poodle,3
793120401413079041,Labrador Retriever,1
793150605191548928,Italian Greyhound,1
793165685325201412,Golden Retriever,1
793180763617361921,Lakeland Terrier,1
793195938047070209,Labrador Retriever,2
793210959003287553,French Bulldog,1
793226087023144960,Wire-Haired Fox Terrier,1
793241302385262592,Golden Retriever,1
793256262322548741,Basset,1
793271401113350145,Siberian Husky,1
793286476301799424,Afghan Hound,1
793500921481273345,Golden Retriever,2
793601777308463104,Miniature Pinscher,1
793614319594401792,Golden Retriever,1
793845145112371200,Old English Sheepdog,1
793962221541933056,Labrador Retriever,1
794332329137291264,Samoyed,1
794355576146903043,Cocker Spaniel,1
794926597468000259,Toy Poodle,1
794983741416415232,Schipperke,3
795400264262053889,Golden Retriever,2
795464331001561088,Golden Retriever,1
796031486298386433,Golden Retriever,1
796080075804475393,Chow,1
796116448414461957,Cardigan,1
796149749086875649,Golden Retriever,1
796177847564038144,Golden Retriever,1
796387464403357696,Pekinese,1
796484825502875648,Cocker Spaniel,1
796759840936919040,American Staffordshire Terrier,1
796865951799083009,Cardigan,1
797236660651966464,Collie,2
797545162159308800,Pembroke,1
797971864723324932,American Staffordshire Terrier,1
798209839306514432,Pekinese,1
798340744599797760,Papillon,1
798628517273620480,Beagle,1
798644042770751489,English Springer,1
798665375516884993,Chow,1
798694562394996736,Chihuahua,1
798697898615730177,Labrador Retriever,1
798925684722855936,West Highland White Terrier,1
798933969379225600,Siberian Husky,1
799063482566066176,Norfolk Terrier,2
799297110730567681,Malamute,1
799422933579902976,Miniature Pinscher,1
799757965289017345,Border Collie,1
799774291445383169,Chow,1
800141422401830912,Golden Retriever,3
800388270626521089,Golden Retriever,2
800513324630806528,Pembroke,1
800751577355128832,Cocker Spaniel,2
801115127852503040,Dalmatian,1
801167903437357056,Cocker Spaniel,1
801538201127157760,Pembroke,1
801958328846974976,Staffordshire Bullterrier,1
802239329049477120,Eskimo Dog,2
802247111496568832,Chihuahua,1
802265048156610565,Labrador Retriever,1
802572683846291456,Golden Retriever,1
802624713319034886,Cocker Spaniel,1
802952499103731712,Chow,1
803276597545603072,Pembroke,1
803638050916102144,Labrador Retriever,1
803692223237865472,Lakeland Terrier,1
803773340896923648,Miniature Pinscher,2
804413760345620481,Chow,1
804738756058218496,Tibetan Mastiff,1
805207613751304193,Pembroke,1
805520635690676224,Malinois,1
805826884734976000,Siberian Husky,1
805932879469572096,Norwegian Elkhound,1
805958939288408065,Irish Setter,1
806219024703037440,Chow,1
806242860592926720,Cardigan,2
806542213899489280,Vizsla,1
806629075125202948,Cocker Spaniel,2
807010152071229440,Golden Retriever,1
807059379405148160,Golden Retriever,1
807106840509214720,Chihuahua,1
807621403335917568,Golden Retriever,3
808001312164028416,Labrador Retriever,1
808106460588765185,Golden Retriever,1
808134635716833280,Cocker Spaniel,1
808501579447930884,Airedale,2
808733504066486276,Toy Poodle,1
808838249661788160,Rottweiler,1
809084759137812480,Vizsla,1
809220051211603969,Pomeranian,1
809448704142938112,Greater Swiss Mountain Dog,1
809808892968534016,Labrador Retriever,1
809920764300447744,Norwich Terrier,1
810254108431155201,Staffordshire Bullterrier,1
810284430598270976,Malamute,1
810657578271330305,Malamute,1
810896069567610880,Flat-Coated Retriever,1
810984652412424192,Golden Retriever,1
811386762094317568,Pembroke,1
811627233043480576,Beagle,1
811744202451197953,Pekinese,1
811985624773361665,Staffordshire Bullterrier,1
812372279581671427,Golden Retriever,2
812466873996607488,Great Dane,1
812709060537683968,Irish Setter,1
812781120811126785,Bull Mastiff,1
813051746834595840,Golden Retriever,1
813066809284972545,Toy Terrier,1
813081950185472002,Doberman,2
813096984823349248,Great Dane,1
813112105746448384,Pembroke,1
813127251579564032,Norwegian Elkhound,1
813142292504645637,Beagle,3
813157409116065792,Pembroke,2
813172488309972993,Golden Retriever,1
813187593374461952,Golden Retriever,1
813202720496779264,Cocker Spaniel,1
813217897535406080,Samoyed,1
813800681631023104,Malamute,1
813812741911748608,French Bulldog,1
813910438903693312,Siberian Husky,1
813944609378369540,Labrador Retriever,1
814153002265309185,Golden Retriever,1
814530161257443328,Miniature Poodle,1
814638523311648768,Golden Retriever,2
814986499976527872,Dalmatian,1
815639385530101762,German Shepherd,1
815736392542261248,Border Collie,3
815966073409433600,Tibetan Mastiff,1
815990720817401858,Chihuahua,1
816014286006976512,English Setter,1
816091915477250048,Pomeranian,3
816336735214911488,Labrador Retriever,1
816697700272001025,Chihuahua,1
816816676327063552,Malamute,1
816829038950027264,Golden Retriever,1
817056546584727552,Kelpie,1
817120970343411712,Saluki,1
817171292965273600,Golden Retriever,1
817181837579653120,Tibetan Mastiff,1
817415592588222464,Doberman,1
817423860136083457,Samoyed,1
817536400337801217,Pug,2
817777686764523521,Curly-Coated Retriever,1
817827839487737858,Cocker Spaniel,1
818145370475810820,Golden Retriever,1
818259473185828864,Miniature Schnauzer,1
818536468981415936,Welsh Springer Spaniel,1
818588835076603904,Norwegian Elkhound,1
818614493328580609,Chihuahua,4
818627210458333184,Labrador Retriever,1
819004803107983360,Standard Poodle,1
819015337530290176,Standard Poodle,1
819227688460238848,Border Terrier,1
819347104292290561,Rottweiler,3
819588359383371776,Cardigan,1
819711362133872643,Toy Poodle,2
819952236453363712,American Staffordshire Terrier,1
820314633777061888,Gordon Setter,2
820446719150292993,Golden Retriever,3
820690176645140481,West Highland White Terrier,2
820749716845686786,Golden Retriever,2
821044531881721856,Old English Sheepdog,1
821107785811234820,Pomeranian,1
821149554670182400,German Shepherd,1
821407182352777218,Irish Setter,1
821522889702862852,Doberman,1
821765923262631936,Golden Retriever,1
821813639212650496,Saint Bernard,1
821886076407029760,Golden Retriever,1
822244816520155136,Samoyed,1
822462944365645825,Pomeranian,3
822489057087389700,Samoyed,1
822610361945911296,Cocker Spaniel,1
822647212903690241,Samoyed,1
822859134160621569,Malinois,1
822872901745569793,Lakeland Terrier,1
822975315408461824,Pembroke,1
823269594223824897,Samoyed,1
823322678127919110,Chihuahua,2
823581115634085888,German Shepherd,1
823699002998870016,Cairn,1
823939628516474880,Schipperke,1
824325613288833024,Pembroke,1
824663926340194305,English Setter,1
824775126675836928,Border Terrier,1
825026590719483904,Eskimo Dog,2
825147591692263424,Pekinese,1
825535076884762624,Rottweiler,1
825829644528148480,Great Pyrenees,2
826115272272650244,Golden Retriever,1
826204788643753985,Labrador Retriever,2
826240494070030336,French Bulldog,1
826476773533745153,German Shepherd,1
826598365270007810,French Bulldog,1
826848821049180160,Great Pyrenees,4
826958653328592898,Golden Retriever,1
827199976799354881,Great Dane,4
827324948884643840,Golden Retriever,1
827600520311402496,Pembroke,1
827653905312006145,Collie,1
827933404142436356,German Shepherd,2
828011680017821696,American Staffordshire Terrier,1
828372645993398273,Malamute,1
828376505180889089,American Staffordshire Terrier,1
828381636999917570,Bedlington Terrier,1
828408677031882754,Weimaraner,1
828409743546925057,Toy Poodle,1
828650029636317184,Golden Retriever,1
828708714936930305,Mexican Hairless,1
828770345708580865,Chesapeake Bay Retriever,1
829011960981237760,Boxer,2
829141528400556032,Golden Retriever,2
829374341691346946,Staffordshire Bullterrier,1
829449946868879360,Labrador Retriever,1
829501995190984704,French Bulldog,1
829861396166877184,Border Terrier,1
829878982036299777,Golden Retriever,1
830097400375152640,Toy Poodle,4
830583320585068544,Labrador Retriever,1
830956169170665475,Kuvasz,1
831262627380748289,Cocker Spaniel,1
831309418084069378,Doberman,1
831315979191906304,Briard,4
831322785565769729,Old English Sheepdog,1
831552930092285952,Chihuahua,1
831650051525054464,Eskimo Dog,1
831670449226514432,Pembroke,1
831911600680497154,Bloodhound,4
831939777352105988,Pomeranian,1
832032802820481025,Whippet,1
832040443403784192,Miniature Pinscher,1
832215726631055365,Afghan Hound,1
832273440279240704,Pembroke,1
832369877331693569,Kelpie,1
832397543355072512,Pekinese,1
832636094638288896,Eskimo Dog,1
832757312314028032,Cardigan,2
832998151111966721,Boxer,1
833124694597443584,Cardigan,3
833479644947025920,Golden Retriever,3
833722901757046785,West Highland White Terrier,1
833826103416520705,Chihuahua,1
833863086058651648,Kuvasz,1
834086379323871233,Labrador Retriever,1
834209720923721728,Golden Retriever,1
834458053273591808,Rhodesian Ridgeback,1
834574053763584002,Golden Retriever,1
834786237630337024,Border Terrier,1
834931633769889797,Soft-Coated Wheaten Terrier,1
835152434251116546,American Staffordshire Terrier,3
835172783151792128,Border Collie,2
835264098648616962,Chesapeake Bay Retriever,2
835297930240217089,Rottweiler,1
835574547218894849,Staffordshire Bullterrier,1
836001077879255040,Samoyed,4
836260088725786625,Borzoi,1
836753516572119041,Schipperke,1
836989968035819520,Toy Poodle,1
837110210464448512,Siberian Husky,1
837366284874571778,American Staffordshire Terrier,1
837471256429613056,Norwegian Elkhound,1
837820167694528512,Golden Retriever,1
838083903487373313,Chow,2
838476387338051585,Great Pyrenees,3
838561493054533637,Kelpie,1
838921590096166913,Border Terrier,1
839239871831150596,Leonberg,3
839549326359670784,Norwich Terrier,1
839990271299457024,Staffordshire Bullterrier,2
840268004936019968,Chesapeake Bay Retriever,3
840632337062862849,Golden Retriever,1
841077006473256960,Brittany Spaniel,1
841314665196081154,Afghan Hound,1
841439858740625411,Labrador Retriever,3
841680585030541313,Chihuahua,1
841833993020538882,Samoyed,1
842115215311396866,Chow,1
842163532590374912,French Bulldog,2
842535590457499648,Pembroke,1
842765311967449089,Labrador Retriever,1
842846295480000512,Labrador Retriever,1
842892208864923648,Chihuahua,1
843235543001513987,Pembroke,1
843604394117681152,Labrador Retriever,1
843856843873095681,Labrador Retriever,1
844223788422217728,Labrador Retriever,1
844704788403113984,Labrador Retriever,1
844973813909606400,Labrador Retriever,1
844979544864018432,Shetland Sheepdog,3
845306882940190720,Irish Water Spaniel,1
845397057150107648,Dandie Dinmont,1
845677943972139009,Chow,1
845812042753855489,Samoyed,1
846042936437604353,Golden Retriever,1
846153765933735936,Giant Schnauzer,1
846514051647705089,Golden Retriever,2
846874817362120707,Shetland Sheepdog,2
847116187444137987,American Staffordshire Terrier,1
847157206088847362,Staffordshire Bullterrier,2
847251039262605312,Airedale,1
847606175596138505,Cardigan,1
847842811428974592,Bernese Mountain Dog,1
848212111729840128,Bedlington Terrier,1
848324959059550208,Malamute,1
848690551926992896,Flat-Coated Retriever,1
849412302885593088,Schipperke,4
849776966551130114,Chihuahua,2
850019790995546112,Shetland Sheepdog,3
850145622816686080,Kelpie,2
850380195714523136,Yorkshire Terrier,1
850753642995093505,Pug,1
851224888060895234,Standard Poodle,3
851591660324737024,Cardigan,1
851953902622658560,Staffordshire Bullterrier,1
852189679701164033,Bernese Mountain Dog,1
852553447878664193,Bloodhound,1
852672615818899456,Golden Retriever,1
852912242202992640,Great Dane,1
853639147608842240,German Shepherd,1
853760880890318849,Miniature Pinscher,1
854010172552949760,English Springer,1
854120357044912130,Black-And-Tan Coonhound,4
854365224396361728,Pembroke,1
854482394044301312,Chihuahua,1
854732716440526848,Pembroke,1
855459453768019968,Blenheim Spaniel,2
855851453814013952,Flat-Coated Retriever,1
856282028240666624,Chihuahua,4
856526610513747968,Old English Sheepdog,1
856543823941562368,Boston Bull,1
857029823797047296,Golden Retriever,2
857263160327368704,Samoyed,1
857393404942143489,Malamute,3
857746408056729600,Labrador Retriever,1
857989990357356544,French Bulldog,1
858107933456039936,Golden Retriever,1
858471635011153920,Pembroke,1
858843525470990336,Golden Retriever,1
859196978902773760,Malamute,1
859607811541651456,Golden Retriever,1
859851578198683649,Labrador Retriever,4
859924526012018688,French Bulldog,1
860524505164394496,Bedlington Terrier,1
860563773140209665,Cardigan,1
861005113778896900,German Shepherd,1
861288531465048066,Bouvier Des Flandres,1
861383897657036800,Cardigan,1
861769973181624320,Cocker Spaniel,2
862096992088072192,Chow,2
862722525377298433,Basset,1
862831371563274240,Australian Terrier,2
863062471531167744,French Bulldog,2
863079547188785154,Lakeland Terrier,1
863432100342583297,Staffordshire Bullterrier,1
863553081350529029,Eskimo Dog,1
864197398364647424,Golden Retriever,4
864279568663928832,Bull Mastiff,1
865006731092295680,Pembroke,1
865359393868664832,Chesapeake Bay Retriever,2
865718153858494464,Golden Retriever,1
866334964761202691,Samoyed,1
866450705531457537,French Bulldog,2
866686824827068416,Flat-Coated Retriever,1
867051520902168576,Samoyed,1
867072653475098625,Blenheim Spaniel,1
867421006826221569,Eskimo Dog,1
867774946302451713,Border Collie,2
867900495410671616,Labrador Retriever,1
868552278524837888,Whippet,1
868622495443632128,Labrador Retriever,1
868880397819494401,French Bulldog,1
869227993411051520,Pembroke,1
869596645499047938,Chihuahua,1
869702957897576449,Pembroke,1
869772420881756160,Pembroke,1
870308999962521604,Greater Swiss Mountain Dog,2
870374049280663552,Golden Retriever,1
870656317836468226,Pembroke,4
871032628920680449,Kelpie,1
871515927908634625,Komondor,2
871762521631449091,Labrador Retriever,2
871879754684805121,Shetland Sheepdog,1
872122724285648897,Pug,1
872261713294495745,Labrador Retriever,2
872486979161796608,Pembroke,1
872620804844003328,Cocker Spaniel,1
872820683541237760,Pug,3
872967104147763200,Labrador Retriever,2
873213775632977920,Vizsla,1
873580283840344065,Newfoundland,1
873697596434513921,French Bulldog,1
874012996292530176,Cardigan,2
874057562936811520,Flat-Coated Retriever,1
874296783580663808,Cocker Spaniel,1
874680097055178752,Labrador Retriever,1
875021211251597312,West Highland White Terrier,2
875144289856114688,Siberian Husky,1
875747767867523072,Labrador Retriever,1
876120275196170240,Bernese Mountain Dog,1
876484053909872640,Golden Retriever,1
876838120628539392,Bloodhound,1
877201837425926144,Pembroke,1
877316821321428993,Saluki,1
877556246731214848,Basset,1
877611172832227328,Irish Setter,1
877736472329191424,Chesapeake Bay Retriever,2
878057613040115712,French Bulldog,1
878281511006478336,Basset,1
878776093423087618,Italian Greyhound,2
879008229531029506,Vizsla,1
879376492567855104,Labrador Retriever,1
879415818425184262,English Springer,1
879492040517615616,German Short-Haired Pointer,1
879862464715927552,Basset,3
880095782870896641,Miniature Pinscher,1
880221127280381952,Chihuahua,1
880465832366813184,Golden Retriever,1
880872448815771648,Pembroke,1
881536004380872706,Samoyed,1
881666595344535552,Saluki,1
881906580714921986,Weimaraner,1
882045870035918850,Golden Retriever,1
882268110199369728,Golden Retriever,1
882627270321602560,Pembroke,1
882762694511734784,Labrador Retriever,1
882992080364220416,Eskimo Dog,1
883117836046086144,Golden Retriever,2
883360690899218434,Chow,1
883482846933004288,Golden Retriever,1
883838122936631299,Doberman,1
884162670584377345,German Shepherd,1
884441805382717440,Pembroke,1
884562892145688576,Pug,1
884876753390489601,Chow,1
884925521741709313,Italian Greyhound,1
885167619883638784,Malamute,4
885311592912609280,Labrador Retriever,1
885528943205470208,Pug,1
885984800019947520,Blenheim Spaniel,1
886258384151887873,Pug,1
886366144734445568,French Bulldog,1
886736880519319552,Kuvasz,1
886983233522544640,Chihuahua,2
887101392804085760,Samoyed,1
887343217045368832,Mexican Hairless,1
887473957103951883,Pembroke,2
887705289381826560,Basset,1
888078434458587136,French Bulldog,1
888202515573088257,Pembroke,2
888554962724278272,Siberian Husky,3
888804989199671297,Golden Retriever,1
888917238123831296,Golden Retriever,1
889278841981685760,Whippet,1
889531135344209921,Golden Retriever,1
889638837579907072,French Bulldog,1
889665388333682689,Pembroke,1
889880896479866881,French Bulldog,1
890006608113172480,Samoyed,1
890240255349198849,Pembroke,1
890609185150312448,Irish Terrier,1
890729181411237888,Pomeranian,2
890971913173991426,Appenzeller,1
891087950875897856,Chesapeake Bay Retriever,1
891327558926688256,Basset,2
891689557279858688,Labrador Retriever,1
891815181378084864,Chihuahua,1
892177421306343426,Chihuahua,1
